{
  "dungeons_arise:wda_root": {
    "criteria": {
      "WDA": "2024-05-22 22:15:11 -0500"
    },
    "done": true
  },
  "biomesoplenty:biomesoplenty/root": {
    "criteria": {
      "woodland": "2024-05-22 22:15:11 -0500"
    },
    "done": true
  },
  "biomesoplenty:biomesoplenty/all_biomes": {
    "criteria": {
      "woodland": "2024-05-22 22:15:11 -0500"
    },
    "done": false
  },
  "repurposed_structures:root": {
    "criteria": {
      "always": "2024-05-22 22:15:11 -0500"
    },
    "done": true
  },
  "DataVersion": 2586
}